{
"bye":"https://github.com/SILENTLOVER40/SOBX-MD_DATABASE/raw/refs/heads/main/autosticker/STK-20241108-WA0028.webp",
"love":"https://github.com/SILENTLOVER40/SOBX-MD_DATABASE/raw/refs/heads/main/autosticker/STK-20241110-WA0007.webp",
"Awais":"https://github.com/SILENTLOVER40/SOBX-MD_DATABASE/raw/refs/heads/main/autosticker/STK-20241110-WA0008.webp", 
"silent":"https://github.com/SILENTLOVER40/SOBX-MD_DATABASE/raw/refs/heads/main/autosticker/STK-20241110-WA0004.webp",
"hi":"https://github.com/SILENTLOVER0432/SILENT-SOBX-MD-DATABASE/raw/refs/heads/main/Auto_sticker/STK-20240923-WA0024.webp"
}
