{
".menu":"https://github.com/DARKSILENCE04/DARK-SILENCE-MD-DATABASE/raw/refs/heads/main/AUTO_VOICE/AUD-20250501-WA0011.mp3",
"whois":"https://github.com/SILENTLOVER40/SOBX-MD_DATABASE/raw/refs/heads/main/autovoice/PTT-20241110-WA0033.m4a",
"hlo":"https://github.com/SILENTLOVER40/SOBX-MD_DATABASE/raw/refs/heads/main/autovoice/AUD-20241110-WA0009.m4a",
"hi":"https://github.com/SILENTLOVER0432/SILENT-SOBX-MD-DATABASE/raw/refs/heads/main/Auto_voice/AUD-20240110-WA0069.mp3",
"hello":"https://github.com/SILENTLOVER40/SOBX-MD_DATABASE/raw/refs/heads/main/autovoice/AUD-20241110-WA0009.m4a",
"molning":"https://github.com/sadiyamin/alexa-database/raw/refs/heads/main/Media/good_morning.mp3",
"good morning":"https://github.com/sadiyamin/alexa-database/raw/refs/heads/main/Media/good_morning.mp3",
"night":"https://github.com/sadiyamin/alexa-database/raw/refs/heads/main/Media/good_night.mp3",
"good night":"https://github.com/sadiyamin/alexa-database/raw/refs/heads/main/Media/good_night.mp3",
"hm":"https://github.com/tharumin/Alexa_Voice/raw/refs/heads/main/hm.mp3",
"hmm":"https://github.com/tharumin/Alexa_Voice/raw/refs/heads/main/hm.mp3",
"aww":"https://github.com/tharumin/Alexa_Voice/raw/refs/heads/main/hm.mp3",
"oye":"https://github.com/tharumin/Alexa_Voice/raw/refs/heads/main/oya_kawada.mp3",
"ustad":"https://github.com/tharumin/Alexa_Voice/raw/refs/heads/main/oya_kawada.mp3",
"haha":"https://github.com/DARKSILENCE04/DARK-SILENCE-MD-DATABASE/raw/refs/heads/main/AUTO_VOICE/AUD-20250428-WA0003.mp3",
"hehe":"https://github.com/VajiraTech/IZUMI-AUTO-VOICER/raw/main/Ponnaya(tbg).mp3",
"oka":"https://github.com/VajiraTech/IZUMI-AUTO-VOICER/raw/main/kawa.mp3",
"wow":"https://github.com/VajiraTech/IZUMI-AUTO-VOICER/raw/main/kellek%20oni.mp3",
"geo":"https://github.com/VajiraTech/IZUMI-AUTO-VOICER/raw/main/wesi(tbg).mp3",
"I love you":"https://github.com/sadiyamin/alexa-database/raw/refs/heads/main/Media/i_love_you.mp3",
"love":"https://github.com/sadiyamin/alexa-database/raw/refs/heads/main/Media/i_love_you.mp3",
"love you":"https://github.com/sadiyamin/alexa-database/raw/refs/heads/main/Media/i_love_you.mp3",
"ohh":"https://github.com/sadiyamin/alexa-database/raw/refs/heads/main/Media/i_love_you.mp3",
"dear":"https://github.com/sadiyamin/alexa-database/raw/refs/heads/main/Media/pakaya.mp3",
"sir":"https://github.com/sadiyamin/alexa-database/raw/refs/heads/main/Media/pakaya.mp3",  
"jerry":"https://github.com/sadiyamin/alexa-database/raw/refs/heads/main/Media/pakaya.mp3",
"nice":"https://github.com/sadiyamin/alexa-database/raw/refs/heads/main/Media/pakaya.mp3",
"bye":"https://github.com/sadiyamin/alexa-database/raw/refs/heads/main/Media/pakaya.mp3",
"by":"https://github.com/sadiyamin/alexa-database/raw/refs/heads/main/Media/pakaya.mp3"
"esma":"https://github.com/HANDSOMKILLER/DARK-SILENCE-MD-DATABASE/blob/main/AUTO_VOICE/Kalle_baithe_ya_nu_aayi_jad_yaad_yo_purani__slowed___reverb__%23ferozkhan_song(256k).mp3"
}
